[
  {
    "id_equipo": 1,
    "tipo": "Portatil",
    "marca": "ASUS",
    "uso": "Comercial",
    "so_nombre": "Windows 11",
    "so_version": "11",
    "procesador": "Intel I7",
    "ram": 16,
    "ram_speed": 2,
    "tipo_disco":"HDD" ,
    "capacidad": 520,
    "diagonal": 13,
    "resolucion": "4K",
    "software_pago": "Adobe Photoshop",
    "software_pago_v": "12",
    "software_pago_t": "Volumen",
    "software_libre": "Gimp",
    "software_libre_v": "1"
  },
  {
    "id_equipo": 2,
    "tipo": "Sobremesa",
    "marca": "HP",
    "uso": "Ventas",
    "so_nombre": "Linux 11",
    "so_version": "7",
    "procesador": "Intel I5",
    "ram": 8,
    "ram_speed": 4,
    "tipo_disco":"SSD" ,
    "capacidad": 128,
    "diagonal": 15,
    "resolucion": "1080p",
    "software_pago": "Word",
    "software_pago_v": "8",
    "software_pago_t": "CD",
    "software_libre": "Paint",
    "software_libre_v": "5"
  },
  {
    "id_equipo": 3,
    "tipo": "Portatil",
    "marca": "Apple",
    "uso": "RRHH",
    "so_nombre": "MACOS 11",
    "so_version": "10",
    "procesador": "Intel I7",
    "ram": 32,
    "ram_speed": 2,
    "tipo_disco":"SSD" ,
    "capacidad": 2048,
    "diagonal": 15,
    "resolucion": "2K",
    "software_pago": "IntelliJ",
    "software_pago_v": "4",
    "software_pago_t": "Volumen",
    "software_libre": "Safari",
    "software_libre_v": "5"
  },
  {
    "id_equipo": 4,
    "tipo": "Sobremesa",
    "marca": "ASUS",
    "uso": "Ventas",
    "so_nombre": "W11",
    "so_version": "11",
    "procesador": "Intel I9",
    "ram": 16,
    "ram_speed": 4,
    "tipo_disco":"SSD" ,
    "capacidad": 2048,
    "diagonal": 13,
    "resolucion": "4K",
    "software_pago": "POSER",
    "software_pago_v": "2",
    "software_pago_t": "Volumen",
    "software_libre": "Safari",
    "software_libre_v": "5"
  }
]