[
  {
    "id": 1,
    "nombre": "Daniel Ojeda",
    "departamento": "Datamining",
    "telefono": "123456789",
    "email": "daniel@gmail.com",
    "ubicacion": "Madrid"
  },
  {
    "id": 2,
    "nombre": "Alvaro Ojeda",
    "departamento": "I+D",
    "telefono": "024683579",
    "email": "alvarojeda@gmail.com",
    "ubicacion": "Sevilla"
  },
  {
    "id": 3,
    "nombre": "Carolina Ojeda",
    "departamento": "IA",
    "telefono": "987654321",
    "email": "carolinariquelme@gmail.com",
    "ubicacion": "Barcelona"
  },
  {
    "id": 4,
    "nombre": "Teresa Velasco",
    "departamento": "Datamining",
    "telefono": "132546879",
    "email": "teresa@hotmail.com",
    "ubicacion": "Sevilla"
  },
  {
    "id": 5,
    "nombre": "Jose Izquierdo",
    "departamento": "Defensa",
    "telefono": "032546872",
    "email": "joseizquierdista@defensa.com",
    "ubicacion": "Madrid"
  }
]